path	bytes	du_bytes_if_measured	inode	nlink	mtime	atime	kind	model_id_guess	classification	evidence
/Users/rainhuang/.cache/huggingface	224	3108962304	34073457	7	1787395317	1787421764	cache-dir	huggingface hub cache	UNKNOWN	范围缓存根。Library/Caches/huggingface 不存在。真正的权重大多在 Desktop/models 的 local_dir，不在此重复存放。禁止与子行相加。
/Users/rainhuang/.cache/huggingface/hub/models--AITRADER--FLUX1-dev-mlx-4bit/refs/main	40	4096	43496357	1	1789052637	1790254814	revision-ref	AITRADER/FLUX1-dev-mlx-4bit	PROTECTED	refs/main=de5848a2ff4fc248b577b4a39fcdb2d71aaeecc4。无 blobs、无 snapshots。对应权重在 Desktop/models 的 local_dir，本行不是第二份权重。
/Users/rainhuang/.cache/huggingface/hub/models--NSFW-API--NSFW_Wan_1.3b/refs/main	40	4096	39765095	1	1788431466	1790254814	revision-ref	NSFW-API/NSFW_Wan_1.3b	PROTECTED	refs/main=4d8db25317335b4a0cfbefad9877b893f08dbc67。无 blobs、无 snapshots。对应权重在 Desktop/models 的 local_dir，本行不是第二份权重。
/Users/rainhuang/.cache/huggingface/hub/models--Qwen--Qwen2.5-1.5B-Instruct	192	3098976256	34073461	6	1787237172	1787421138	directory	Qwen/Qwen2.5-1.5B-Instruct	UNKNOWN	唯一带 blobs 的 Hub 仓库。du 约 2.9GiB 全部在 blobs；snapshots du=0，因为是符号链接，不能把链接与 blob 再加一次。
/Users/rainhuang/.cache/huggingface/hub/models--Qwen--Qwen2.5-1.5B-Instruct/blobs	288	3098972160	34073462	9	1787237839	1787421274	blob-dir	Qwen/Qwen2.5-1.5B-Instruct	UNKNOWN	内容寻址 blob。大文件是 model.safetensors 本体。
/Users/rainhuang/.cache/huggingface/hub/models--Qwen--Qwen2.5-1.5B-Instruct/blobs/07bfe0640cb5a0037f9322287fbfc682806cf672	7305	8192	34073494	1	1787237135	1787237135	blob	Qwen/Qwen2.5-1.5B-Instruct	UNKNOWN	同一仓库的分词器或配置 blob。snapshot 侧是符号链接。不要与链接行相加。
/Users/rainhuang/.cache/huggingface/hub/models--Qwen--Qwen2.5-1.5B-Instruct/blobs/20024bfe7c83998e9aeaf98a0cd6a2ce6306c2f0	1671839	1675264	34073508	1	1787237144	1788786379	blob	Qwen/Qwen2.5-1.5B-Instruct	UNKNOWN	同一仓库的分词器或配置 blob。snapshot 侧是符号链接。不要与链接行相加。
/Users/rainhuang/.cache/huggingface/hub/models--Qwen--Qwen2.5-1.5B-Instruct/blobs/443909a61d429dff23010e5bddd28ff530edda00	7031645	7032832	34073515	1	1787237172	1787237199	blob	Qwen/Qwen2.5-1.5B-Instruct	UNKNOWN	同一仓库的分词器或配置 blob。snapshot 侧是符号链接。不要与链接行相加。
/Users/rainhuang/.cache/huggingface/hub/models--Qwen--Qwen2.5-1.5B-Instruct/blobs/4783fe10ac3adce15ac8f358ef5462739852c569	2776833	2777088	34073502	1	1787237140	1788702153	blob	Qwen/Qwen2.5-1.5B-Instruct	UNKNOWN	同一仓库的分词器或配置 blob。snapshot 侧是符号链接。不要与链接行相加。
/Users/rainhuang/.cache/huggingface/hub/models--Qwen--Qwen2.5-1.5B-Instruct/blobs/dd924a11b4c220f385b51ffa522daea7c9f3d850e31b162bb5661df483c6d3ee	3087467144	3087470592	34073559	1	1787237510	1787237889	weight	Qwen/Qwen2.5-1.5B-Instruct	UNKNOWN	Qwen2.5-1.5B-Instruct 的 model.safetensors 本体（blob 哈希名）。snapshot 里的 model.safetensors 只是指向它的符号链接。nlink=1，没有第二份硬链接。
/Users/rainhuang/.cache/huggingface/hub/models--Qwen--Qwen2.5-1.5B-Instruct/blobs/dfc11073787daf1b0f9c0f1499487ab5f4c93738	242	4096	34074225	1	1787237839	1787237839	blob	Qwen/Qwen2.5-1.5B-Instruct	UNKNOWN	同一仓库的分词器或配置 blob。snapshot 侧是符号链接。不要与链接行相加。
/Users/rainhuang/.cache/huggingface/hub/models--Qwen--Qwen2.5-1.5B-Instruct/blobs/f81ead14ab072d65a07817f83a3ee0e5a1890d10	660	4096	34073471	1	1787237134	1787237135	blob	Qwen/Qwen2.5-1.5B-Instruct	UNKNOWN	同一仓库的分词器或配置 blob。snapshot 侧是符号链接。不要与链接行相加。
/Users/rainhuang/.cache/huggingface/hub/models--Qwen--Qwen2.5-1.5B-Instruct/refs/main	40	4096	34073467	1	1787237133	1787237134	revision-ref	Qwen/Qwen2.5-1.5B-Instruct	UNKNOWN	refs/main=989aa7980e4cf806f80c7fef2b1adb7bc71aa306。权重在 blobs，见 blob 行。本行只是修订指针。
/Users/rainhuang/.cache/huggingface/hub/models--Qwen--Qwen2.5-1.5B-Instruct/snapshots	96	0	34073463	3	1787237133	1787237134	symlink-dir	Qwen/Qwen2.5-1.5B-Instruct	UNKNOWN	du=0。7 个符号链接指向 ../blobs。不是第二份 2.9GiB。
/Users/rainhuang/.cache/huggingface/hub/models--Qwen--Qwen2.5-1.5B-Instruct/snapshots/989aa7980e4cf806f80c7fef2b1adb7bc71aa306/config.json	52	0	34073477	1	1787237134	1787237134	symlink	Qwen/Qwen2.5-1.5B-Instruct	UNKNOWN	指向 ../../blobs 的符号链接。du 不跟随，故 snapshots 目录为 0 字节。不是独立副本。 本行是符号链接，bytes 为链接文本长度而非目标体积。
/Users/rainhuang/.cache/huggingface/hub/models--Qwen--Qwen2.5-1.5B-Instruct/snapshots/989aa7980e4cf806f80c7fef2b1adb7bc71aa306/generation_config.json	52	0	34074227	1	1787237839	1787237839	symlink	Qwen/Qwen2.5-1.5B-Instruct	UNKNOWN	指向 ../../blobs 的符号链接。du 不跟随，故 snapshots 目录为 0 字节。不是独立副本。 本行是符号链接，bytes 为链接文本长度而非目标体积。
/Users/rainhuang/.cache/huggingface/hub/models--Qwen--Qwen2.5-1.5B-Instruct/snapshots/989aa7980e4cf806f80c7fef2b1adb7bc71aa306/merges.txt	52	0	34073510	1	1787237144	1787237144	symlink	Qwen/Qwen2.5-1.5B-Instruct	UNKNOWN	指向 ../../blobs 的符号链接。du 不跟随，故 snapshots 目录为 0 字节。不是独立副本。 本行是符号链接，bytes 为链接文本长度而非目标体积。
/Users/rainhuang/.cache/huggingface/hub/models--Qwen--Qwen2.5-1.5B-Instruct/snapshots/989aa7980e4cf806f80c7fef2b1adb7bc71aa306/model.safetensors	76	0	34073860	1	1787237510	1787237510	symlink	Qwen/Qwen2.5-1.5B-Instruct	UNKNOWN	指向 ../../blobs 的符号链接。du 不跟随，故 snapshots 目录为 0 字节。不是独立副本。 本行是符号链接，bytes 为链接文本长度而非目标体积。
/Users/rainhuang/.cache/huggingface/hub/models--Qwen--Qwen2.5-1.5B-Instruct/snapshots/989aa7980e4cf806f80c7fef2b1adb7bc71aa306/tokenizer.json	52	0	34073551	1	1787237172	1787237172	symlink	Qwen/Qwen2.5-1.5B-Instruct	UNKNOWN	指向 ../../blobs 的符号链接。du 不跟随，故 snapshots 目录为 0 字节。不是独立副本。 本行是符号链接，bytes 为链接文本长度而非目标体积。
/Users/rainhuang/.cache/huggingface/hub/models--Qwen--Qwen2.5-1.5B-Instruct/snapshots/989aa7980e4cf806f80c7fef2b1adb7bc71aa306/tokenizer_config.json	52	0	34073496	1	1787237135	1787237135	symlink	Qwen/Qwen2.5-1.5B-Instruct	UNKNOWN	指向 ../../blobs 的符号链接。du 不跟随，故 snapshots 目录为 0 字节。不是独立副本。 本行是符号链接，bytes 为链接文本长度而非目标体积。
/Users/rainhuang/.cache/huggingface/hub/models--Qwen--Qwen2.5-1.5B-Instruct/snapshots/989aa7980e4cf806f80c7fef2b1adb7bc71aa306/vocab.json	52	0	34073506	1	1787237140	1787237140	symlink	Qwen/Qwen2.5-1.5B-Instruct	UNKNOWN	指向 ../../blobs 的符号链接。du 不跟随，故 snapshots 目录为 0 字节。不是独立副本。 本行是符号链接，bytes 为链接文本长度而非目标体积。
/Users/rainhuang/.cache/huggingface/hub/models--RunPod--FLUX.2-klein-4B-mflux-4bit/refs/main	40	4096	39765112	1	1788431466	1790254814	revision-ref	RunPod/FLUX.2-klein-4B-mflux-4bit	PROTECTED	refs/main=7ee1b3aa8178a1240050490072196a57da2bf2a9。无 blobs、无 snapshots。对应权重在 Desktop/models 的 local_dir，本行不是第二份权重。
/Users/rainhuang/.cache/huggingface/hub/models--TheCluster--Qwen3.5-9B-Uncensored-HauhauCS-Aggressive-MLX-mxfp4/refs/main	40	4096	34819728	1	1787475103	1790254814	revision-ref	TheCluster/Qwen3.5-9B-Uncensored-HauhauCS-Aggressive-MLX-mxfp4	ACTIVE	refs/main=a9e5f6d9aebfe8bae436bdd51da14dde5b1b30c9，与 MODEL.md 钉扎 a9e5f6d9aebfe8bae436bdd51da14dde5b1b30c9 一致。无 blobs。不是第二份 5.3G 权重。
/Users/rainhuang/.cache/huggingface/hub/models--Wan-AI--Wan2.1-T2V-1.3B/refs/main	40	4096	39765171	1	1788431467	1790254814	revision-ref	Wan-AI/Wan2.1-T2V-1.3B	PROTECTED	refs/main=37ec512624d61f7aa208f7ea8140a131f93afc9a。无 blobs、无 snapshots。对应权重在 Desktop/models 的 local_dir，本行不是第二份权重。
/Users/rainhuang/.cache/huggingface/hub/models--choppedgarlic--Qwen3.8-27B-AEON-ULTIMATE-UNCENSORED-4bit-MLX/refs/main	40	4096	34620063	1	1787395553	1790254814	revision-ref	choppedgarlic/Qwen3.8-27B-AEON-ULTIMATE-UNCENSORED-4bit-MLX	KEEP-REFERENCE	refs/main=875c8523f13294c90226d0a040f35e04366e83c7。无 blobs。27B 权重在 Desktop/models/qwen3.8-27b，此处不是第二份 14G。
/Users/rainhuang/.cache/huggingface/hub/models--filipstrand--Z-Image-Turbo-mflux-4bit/refs/main	40	4096	39765060	1	1788431465	1790254814	revision-ref	filipstrand/Z-Image-Turbo-mflux-4bit	PROTECTED	refs/main=b3a8f31115a11f2f9e2fa0bfbc8d78dcc3e6568b。无 blobs、无 snapshots。对应权重在 Desktop/models 的 local_dir，本行不是第二份权重。
/Users/rainhuang/.cache/huggingface/hub/models--ponpoke--flux2-klein-4b-uncensored-text-encoder/refs/main	40	4096	39765036	1	1788431465	1790254814	revision-ref	ponpoke/flux2-klein-4b-uncensored-text-encoder	UNKNOWN	refs/main=633217e588e4c0bc76619052e05d3ce0e057cd83。无 blobs、无 snapshots。本地 uncensored-te 目录为空。不标 OBSOLETE。
/Users/rainhuang/.cache/huggingface/xet	128	9940992	34073563	4	1787237184	1787421764	cache-dir	huggingface xet 日志	UNKNOWN	日志，不是权重。
/Users/rainhuang/.mtplx	192	11838205952	34773963	6	1787421851	1787421852	directory	mtplx 缓存根	PROTECTED	start-mtplx.sh 的 MTPLX_CACHE 父目录。任务要求找 mlx 缓存，故纳入；未扫整个 $HOME。禁止与 models 和 session-bank 相加。
/Users/rainhuang/.mtplx/models	128	11262803968	34773964	4	1787475060	1787475060	directory	Youssofal MTPLX 4B 与 9B	PROTECTED	MTPLX_CACHE 默认值。两个文本模型，均被脚本引用。
/Users/rainhuang/.mtplx/models/Youssofal--Qwen3.5-4B-MTPLX-Optimized-Speed	608	2567573504	34779249	19	1787422163	1787422163	directory	Youssofal/Qwen3.5-4B-MTPLX-Optimized-Speed	PROTECTED	start-mtplx.sh 默认。README base_model Qwen/Qwen3.5-4B。config text hidden 2560，32 层，4-bit affine group 64。名字不含 3B/3b/qwen3-3，身份清楚，不是未辨明的 3B。
/Users/rainhuang/.mtplx/models/Youssofal--Qwen3.5-4B-MTPLX-Optimized-Speed/config.json	3404	4096	34779282	1	1787422066	1787422163	config	Youssofal/Qwen3.5-4B-MTPLX-Optimized-Speed	PROTECTED	脚本默认 4B 的组件。不是 3B。
/Users/rainhuang/.mtplx/models/Youssofal--Qwen3.5-4B-MTPLX-Optimized-Speed/model.safetensors	2367238661	2367242240	34779269	1	1787422163	1787422178	weight	Youssofal/Qwen3.5-4B-MTPLX-Optimized-Speed	PROTECTED	脚本默认 4B 的组件。不是 3B。
/Users/rainhuang/.mtplx/models/Youssofal--Qwen3.5-4B-MTPLX-Optimized-Speed/model.safetensors.index.json	81008	81920	34779284	1	1787422066	1787422163	index	Youssofal/Qwen3.5-4B-MTPLX-Optimized-Speed	PROTECTED	脚本默认 4B 的组件。不是 3B。
/Users/rainhuang/.mtplx/models/Youssofal--Qwen3.5-4B-MTPLX-Optimized-Speed/mtp.safetensors	86701062	86704128	34779260	1	1787422072	1787422177	weight	Youssofal/Qwen3.5-4B-MTPLX-Optimized-Speed	PROTECTED	脚本默认 4B 的组件。不是 3B。 mtp.safetensors 为 86701062 字节，mtp/weights.safetensors 为 86701040 字节，差 22 字节，inode 不同，不是硬链接，两份都保留为模型组件。
/Users/rainhuang/.mtplx/models/Youssofal--Qwen3.5-4B-MTPLX-Optimized-Speed/mtp/weights.safetensors	86701040	86704128	34779274	1	1787422083	1787422065	weight	Youssofal/Qwen3.5-4B-MTPLX-Optimized-Speed	PROTECTED	脚本默认 4B 的组件。不是 3B。 mtp.safetensors 为 86701062 字节，mtp/weights.safetensors 为 86701040 字节，差 22 字节，inode 不同，不是硬链接，两份都保留为模型组件。
/Users/rainhuang/.mtplx/models/Youssofal--Qwen3.5-4B-MTPLX-Optimized-Speed/tokenizer.json	19989325	19992576	34779295	1	1787422126	1787422176	tokenizer	Youssofal/Qwen3.5-4B-MTPLX-Optimized-Speed	PROTECTED	脚本默认 4B 的组件。不是 3B。
/Users/rainhuang/.mtplx/models/Youssofal--Qwen3.5-4B-MTPLX-Optimized-Speed/tokenizer_config.json	1161	4096	34779305	1	1787422066	1787422176	tokenizer	Youssofal/Qwen3.5-4B-MTPLX-Optimized-Speed	PROTECTED	脚本默认 4B 的组件。不是 3B。
/Users/rainhuang/.mtplx/models/Youssofal--Qwen3.5-9B-MTPLX-Optimized-Speed	608	8695230464	34773986	19	1787421813	1787421813	directory	Youssofal/Qwen3.5-9B-MTPLX-Optimized-Speed	PROTECTED	MTPLX_SIZE=9b。6-bit affine，另有 model-vision 与 mtp。与生产 mxfp4 9B 文件集不同，不是副本。
/Users/rainhuang/.mtplx/models/Youssofal--Qwen3.5-9B-MTPLX-Optimized-Speed/config.json	3544	4096	34774013	1	1787421432	1787421813	config	Youssofal/Qwen3.5-9B-MTPLX-Optimized-Speed	PROTECTED	MTPLX 9B 组件。6-bit，含 vision/mtp，不是生产 mxfp4 的副本。
/Users/rainhuang/.mtplx/models/Youssofal--Qwen3.5-9B-MTPLX-Optimized-Speed/model-00001-of-00002.safetensors	5358172442	5358174208	34773999	1	1787421813	1787421848	weight	Youssofal/Qwen3.5-9B-MTPLX-Optimized-Speed	PROTECTED	MTPLX 9B 组件。6-bit，含 vision/mtp，不是生产 mxfp4 的副本。
/Users/rainhuang/.mtplx/models/Youssofal--Qwen3.5-9B-MTPLX-Optimized-Speed/model-00002-of-00002.safetensors	1918175495	1918177280	34774011	1	1787421637	1787421848	weight	Youssofal/Qwen3.5-9B-MTPLX-Optimized-Speed	PROTECTED	MTPLX 9B 组件。6-bit，含 vision/mtp，不是生产 mxfp4 的副本。
/Users/rainhuang/.mtplx/models/Youssofal--Qwen3.5-9B-MTPLX-Optimized-Speed/model-vision.safetensors	912058025	912060416	34774005	1	1787421551	1787421848	weight	Youssofal/Qwen3.5-9B-MTPLX-Optimized-Speed	PROTECTED	MTPLX 9B 组件。6-bit，含 vision/mtp，不是生产 mxfp4 的副本。
/Users/rainhuang/.mtplx/models/Youssofal--Qwen3.5-9B-MTPLX-Optimized-Speed/model.safetensors.index.json	115913	118784	34774034	1	1787421432	1787421813	index	Youssofal/Qwen3.5-9B-MTPLX-Optimized-Speed	PROTECTED	MTPLX 9B 组件。6-bit，含 vision/mtp，不是生产 mxfp4 的副本。
/Users/rainhuang/.mtplx/models/Youssofal--Qwen3.5-9B-MTPLX-Optimized-Speed/mtp.safetensors	486582837	486584320	34774022	1	1787421657	1787422014	weight	Youssofal/Qwen3.5-9B-MTPLX-Optimized-Speed	PROTECTED	MTPLX 9B 组件。6-bit，含 vision/mtp，不是生产 mxfp4 的副本。
/Users/rainhuang/.mtplx/models/Youssofal--Qwen3.5-9B-MTPLX-Optimized-Speed/tokenizer.json	19989325	19992576	34774033	1	1787421569	1787421846	tokenizer	Youssofal/Qwen3.5-9B-MTPLX-Optimized-Speed	PROTECTED	MTPLX 9B 组件。6-bit，含 vision/mtp，不是生产 mxfp4 的副本。
/Users/rainhuang/.mtplx/models/Youssofal--Qwen3.5-9B-MTPLX-Optimized-Speed/tokenizer_config.json	1161	4096	34774047	1	1787421433	1787421841	tokenizer	Youssofal/Qwen3.5-9B-MTPLX-Optimized-Speed	PROTECTED	MTPLX 9B 组件。6-bit，含 vision/mtp，不是生产 mxfp4 的副本。
/Users/rainhuang/.mtplx/session-bank	160	574799872	34774525	5	1787422218	1787422264	session-cache	mtplx session-bank	UNKNOWN	7449 个 blob，逻辑字节和 554388480，最大单文件 2097152。不是模型权重。未证明可删。blobs/3b 只是哈希前缀目录，不是 Qwen 3B。
/Users/rainhuang/Desktop/models	544	77046861824	34623912	17	1789052369	1789453181	directory		UNKNOWN	范围根。du 含全部子目录。禁止与子行相加。
/Users/rainhuang/Desktop/models/.media-venv	256	1849155584	39763897	8	1788434565	1788434565	venv	mflux/mlx_video 运行时	UNKNOWN	config.py media_python 指向 .media-venv/bin/python。不是权重。内含的 numpy/scipy 测试 npz 与 matplotlib 样本不是模型，未逐文件列入。
/Users/rainhuang/Desktop/models/.mtplx-venv	224	476905472	34758269	7	1788428984	1788428985	venv	mtplx 运行时	UNKNOWN	scripts/start-mtplx.sh 的 MTPLX_BIN 默认在此。不是权重。
/Users/rainhuang/Desktop/models/image-flux1-dev-mflux-4bit	384	9618608128	43496342	12	1789319972	1789319973	directory	AITRADER/FLUX1-dev-mlx-4bit	PROTECTED	config.py image_flux1_dev_dir。Image Quality / flux1-dev。图像模型。
/Users/rainhuang/Desktop/models/image-flux1-dev-mflux-4bit/text_encoder/0.safetensors	69436583	69439488	43496384	1	1789052443	1789057081	weight	图像或视频权重	PROTECTED	flux / z-image / wan 家族权重。Kiln 媒体配置或 manifest 引用其所在目录。nlink=1。
/Users/rainhuang/Desktop/models/image-flux1-dev-mflux-4bit/text_encoder_2/0.safetensors	2145878331	2145882112	43501132	1	1789053386	1789057081	weight	图像或视频权重	PROTECTED	flux / z-image / wan 家族权重。Kiln 媒体配置或 manifest 引用其所在目录。nlink=1。
/Users/rainhuang/Desktop/models/image-flux1-dev-mflux-4bit/text_encoder_2/1.safetensors	533312162	533315584	43502521	1	1789053527	1789057723	weight	图像或视频权重	PROTECTED	flux / z-image / wan 家族权重。Kiln 媒体配置或 manifest 引用其所在目录。nlink=1。
/Users/rainhuang/Desktop/models/image-flux1-dev-mflux-4bit/transformer/0.safetensors	2129626742	2129629184	43502889	1	1789055937	1789057081	weight	图像或视频权重	PROTECTED	flux / z-image / wan 家族权重。Kiln 媒体配置或 manifest 引用其所在目录。nlink=1。
/Users/rainhuang/Desktop/models/image-flux1-dev-mflux-4bit/transformer/1.safetensors	2141393619	2141396992	43508169	1	1789056821	1789057723	weight	图像或视频权重	PROTECTED	flux / z-image / wan 家族权重。Kiln 媒体配置或 manifest 引用其所在目录。nlink=1。
/Users/rainhuang/Desktop/models/image-flux1-dev-mflux-4bit/transformer/2.safetensors	2130572515	2130575360	43508175	1	1789057015	1789057108	weight	图像或视频权重	PROTECTED	flux / z-image / wan 家族权重。Kiln 媒体配置或 manifest 引用其所在目录。nlink=1。
/Users/rainhuang/Desktop/models/image-flux1-dev-mflux-4bit/transformer/3.safetensors	297627866	297631744	43508167	1	1789055341	1789057108	weight	图像或视频权重	PROTECTED	flux / z-image / wan 家族权重。Kiln 媒体配置或 manifest 引用其所在目录。nlink=1。
/Users/rainhuang/Desktop/models/image-flux1-dev-mflux-4bit/vae/0.safetensors	164654153	164655104	43508168	1	1789055293	1789057081	weight	图像或视频权重	PROTECTED	flux / z-image / wan 家族权重。Kiln 媒体配置或 manifest 引用其所在目录。nlink=1。
/Users/rainhuang/Desktop/models/image-flux2-klein-4b-mflux-4bit	352	4686864384	39763891	11	1788431469	1788431469	directory	RunPod/FLUX.2-klein-4B-mflux-4bit	PROTECTED	config.py image_flux_dir，media-manifest 可选图像。根 config model_type=flux2-klein-4b，mflux 4-bit。目录 du 含 .cache 里 67051625 字节的 .incomplete。
/Users/rainhuang/Desktop/models/image-flux2-klein-4b-mflux-4bit/.cache	128	67121152	39765106	4	1788431474	1788431474	cache-dir	RunPod/FLUX.2-klein-4B-mflux-4bit	UNKNOWN	同上。体积主要来自 vae 的一个 .incomplete。已完成的 vae/0.safetensors 在缓存外。
/Users/rainhuang/Desktop/models/image-flux2-klein-4b-mflux-4bit/.cache/huggingface/download/vae/EyungE0_iOj0gd7KELZIUY6XP2o=.5053e0f1a87db7b97dc9f43ddba152c0d77858e87ab515fdf2ed9e6ca0374fab.d1fe1a1d.incomplete	67051625	67055616	39765324	1	1788432635	1788749782	incomplete	HF 未完成分片	OBSOLETE	文件名含 .incomplete，是失败/中断下载碎片。同模型目录里已有完整 safetensors 或 pth，Kiln 配置指向完整文件。nlink=1，inode 未与任何 >=100MB 权重共享。已分配块约等于逻辑大小，但仍未用 clone id 证明物理块独占，因此不把这些字节加进可回收合计。
/Users/rainhuang/Desktop/models/image-flux2-klein-4b-mflux-4bit/config.json	455	4096	39765160	1	1788431468	1788440204	config	图像或视频配置	PROTECTED	所在模型目录为 PROTECTED。
/Users/rainhuang/Desktop/models/image-flux2-klein-4b-mflux-4bit/text_encoder/0.safetensors	2135435091	2135437312	39815206	1	1788436029	1788436778	weight	图像或视频权重	PROTECTED	flux / z-image / wan 家族权重。Kiln 媒体配置或 manifest 引用其所在目录。nlink=1。
/Users/rainhuang/Desktop/models/image-flux2-klein-4b-mflux-4bit/text_encoder/1.safetensors	127582109	127582208	39765127	1	1788431874	1788436925	weight	图像或视频权重	PROTECTED	flux / z-image / wan 家族权重。Kiln 媒体配置或 manifest 引用其所在目录。nlink=1。
/Users/rainhuang/Desktop/models/image-flux2-klein-4b-mflux-4bit/transformer/0.safetensors	2145323701	2145325056	39817940	1	1788436662	1788436778	weight	图像或视频权重	PROTECTED	flux / z-image / wan 家族权重。Kiln 媒体配置或 manifest 引用其所在目录。nlink=1。
/Users/rainhuang/Desktop/models/image-flux2-klein-4b-mflux-4bit/transformer/1.safetensors	34727730	34729984	39765279	1	1788432256	1788436925	weight	图像或视频权重	PROTECTED	flux / z-image / wan 家族权重。Kiln 媒体配置或 manifest 引用其所在目录。nlink=1。
/Users/rainhuang/Desktop/models/image-flux2-klein-4b-mflux-4bit/vae/0.safetensors	165107912	165109760	39818975	1	1788436717	1788436778	weight	图像或视频权重	PROTECTED	flux / z-image / wan 家族权重。Kiln 媒体配置或 manifest 引用其所在目录。nlink=1。
/Users/rainhuang/Desktop/models/image-flux2-klein-4b-uncensored-te	160	16384	39763892	5	1788431469	1788431469	directory	ponpoke/flux2-klein-4b-uncensored-text-encoder	UNKNOWN	仅 .DS_Store、CACHEDIR.TAG、空目录 flux2-klein-4b-uncensored-text-encoder 与空 download 子目录。无权重、无 .incomplete 载荷。Kiln 运行时代码未引用。像空下载，但未全盘搜索其他项目，不标 OBSOLETE。
/Users/rainhuang/Desktop/models/image-z-image-turbo-mflux-4bit	320	7935864832	39763893	10	1788431470	1788431470	directory	filipstrand/Z-Image-Turbo-mflux-4bit	PROTECTED	config.py image_zimage_dir，默认图像后端 z-image-turbo。目录 du 含 .cache 约 1.89 GiB，主体是未完成下载，不是第二份完整权重。
/Users/rainhuang/Desktop/models/image-z-image-turbo-mflux-4bit/.cache	128	2028371968	39765054	4	1788431469	1788431469	cache-dir	filipstrand/Z-Image-Turbo-mflux-4bit	UNKNOWN	HF local_dir 下载缓存。大文件是 .incomplete（另行列为 OBSOLETE），其余是 revision json 与 *.metadata。目录本身不整目录标 OBSOLETE。
/Users/rainhuang/Desktop/models/image-z-image-turbo-mflux-4bit/.cache/huggingface/download/T0y2H0dLWewCLrrJRCXpoFtTgjo=.8c281839127e5192430e6e52a5741d72412a63da68cb74ff16c75d734fb7d2e5.2a302c7c.incomplete	0	0	39766535	1	1788431479	1788749782	incomplete	HF 未完成分片	OBSOLETE	文件名含 .incomplete，是失败/中断下载碎片。同模型目录里已有完整 safetensors 或 pth，Kiln 配置指向完整文件。nlink=1，inode 未与任何 >=100MB 权重共享。已分配块约等于逻辑大小，但仍未用 clone id 证明物理块独占，因此不把这些字节加进可回收合计。
/Users/rainhuang/Desktop/models/image-z-image-turbo-mflux-4bit/.cache/huggingface/download/VtPm5RnTpztyGz2j8X4QULy4cb4=.1ac203b7646d665cd9596c25860d17b533aab02ed552a48dcc399b2c9b4ae23e.3206a1e0.incomplete	0	0	39766522	1	1788431479	1788749782	incomplete	HF 未完成分片	OBSOLETE	文件名含 .incomplete，是失败/中断下载碎片。同模型目录里已有完整 safetensors 或 pth，Kiln 配置指向完整文件。nlink=1，inode 未与任何 >=100MB 权重共享。已分配块约等于逻辑大小，但仍未用 clone id 证明物理块独占，因此不把这些字节加进可回收合计。
/Users/rainhuang/Desktop/models/image-z-image-turbo-mflux-4bit/.cache/huggingface/download/YabK0GxZ1yoAY8q13fERbq0pwkM=.568eef27d98af684b79e263a16f2a2d5c93d03367f229b4a2d8de2ab18b2ab25.add93c12.incomplete	0	0	39769024	1	1788432345	1788749782	incomplete	HF 未完成分片	OBSOLETE	文件名含 .incomplete，是失败/中断下载碎片。同模型目录里已有完整 safetensors 或 pth，Kiln 配置指向完整文件。nlink=1，inode 未与任何 >=100MB 权重共享。已分配块约等于逻辑大小，但仍未用 clone id 证明物理块独占，因此不把这些字节加进可回收合计。
/Users/rainhuang/Desktop/models/image-z-image-turbo-mflux-4bit/.cache/huggingface/download/text_encoder/EyungE0_iOj0gd7KELZIUY6XP2o=.5857538440e94dbe89f44ee3bb192aad7fd8d0559fb2f3cbe05807e5dda1ab67.4f336974.incomplete	1880399215	1880399872	39765074	1	1788432809	1788749782	incomplete	HF 未完成分片	OBSOLETE	文件名含 .incomplete，是失败/中断下载碎片。同模型目录里已有完整 safetensors 或 pth，Kiln 配置指向完整文件。nlink=1，inode 未与任何 >=100MB 权重共享。已分配块约等于逻辑大小，但仍未用 clone id 证明物理块独占，因此不把这些字节加进可回收合计。
/Users/rainhuang/Desktop/models/image-z-image-turbo-mflux-4bit/.cache/huggingface/download/transformer/EyungE0_iOj0gd7KELZIUY6XP2o=.49d6d45165cbf65e387f4fdcacf0ae25b84b39ecdd382bba846e86cc3d9d4b65.f64cbbf5.incomplete	67079587	67080192	39765257	1	1788433175	1788749782	incomplete	HF 未完成分片	OBSOLETE	文件名含 .incomplete，是失败/中断下载碎片。同模型目录里已有完整 safetensors 或 pth，Kiln 配置指向完整文件。nlink=1，inode 未与任何 >=100MB 权重共享。已分配块约等于逻辑大小，但仍未用 clone id 证明物理块独占，因此不把这些字节加进可回收合计。
/Users/rainhuang/Desktop/models/image-z-image-turbo-mflux-4bit/.cache/huggingface/download/vae/EyungE0_iOj0gd7KELZIUY6XP2o=.d4309faa3683186faccb490afe237cae63c599b3e4fbb5ce9ef90393bb775a80.67059808.incomplete	80809657	80809984	39766034	1	1788432950	1788749782	incomplete	HF 未完成分片	OBSOLETE	文件名含 .incomplete，是失败/中断下载碎片。同模型目录里已有完整 safetensors 或 pth，Kiln 配置指向完整文件。nlink=1，inode 未与任何 >=100MB 权重共享。已分配块约等于逻辑大小，但仍未用 clone id 证明物理块独占，因此不把这些字节加进可回收合计。
/Users/rainhuang/Desktop/models/image-z-image-turbo-mflux-4bit/text_encoder/0.safetensors	2135435096	2135437312	39819145	1	1788437620	1788449583	weight	图像或视频权重	PROTECTED	flux / z-image / wan 家族权重。Kiln 媒体配置或 manifest 引用其所在目录。nlink=1。
/Users/rainhuang/Desktop/models/image-z-image-turbo-mflux-4bit/text_encoder/1.safetensors	127582112	127582208	39765079	1	1788432303	1788449642	weight	图像或视频权重	PROTECTED	flux / z-image / wan 家族权重。Kiln 媒体配置或 manifest 引用其所在目录。nlink=1。
/Users/rainhuang/Desktop/models/image-z-image-turbo-mflux-4bit/transformer/0.safetensors	2140225941	2140229632	39880532	1	1788447842	1788449583	weight	图像或视频权重	PROTECTED	flux / z-image / wan 家族权重。Kiln 媒体配置或 manifest 引用其所在目录。nlink=1。
/Users/rainhuang/Desktop/models/image-z-image-turbo-mflux-4bit/transformer/1.safetensors	1323528964	1323532288	39911210	1	1788448186	1788449642	weight	图像或视频权重	PROTECTED	flux / z-image / wan 家族权重。Kiln 媒体配置或 manifest 引用其所在目录。nlink=1。
/Users/rainhuang/Desktop/models/image-z-image-turbo-mflux-4bit/vae/0.safetensors	164654116	164655104	39915542	1	1788448227	1788449583	weight	图像或视频权重	PROTECTED	flux / z-image / wan 家族权重。Kiln 媒体配置或 manifest 引用其所在目录。nlink=1。
/Users/rainhuang/Desktop/models/kiln	960	853401600	34656640	30	1790254197	1790254197	project	kiln 源码树	UNKNOWN	Git 工程。不是权重。子项 .venv / data / web/node_modules 分列。禁止与子行相加。
/Users/rainhuang/Desktop/models/kiln/.venv	320	536244224	34732084	10	1789121512	1789121512	venv	kiln mlx 运行时	UNKNOWN	Application Support/kiln/start-mlx.sh 使用 kiln/.venv/bin/python -m mlx_lm.server。不是权重，不标 OBSOLETE。
/Users/rainhuang/Desktop/models/kiln/data	256	82345984	34656650	8	1789038489	1789038489	data	generations/sqlite 等	UNKNOWN	运行数据。generations 是生成输出不是检查点。未打开内容。
/Users/rainhuang/Desktop/models/kiln/web/node_modules	5632	164229120	34683483	176	1789105536	1789157181	dependency	web 依赖	UNKNOWN	前端依赖，不是模型。
/Users/rainhuang/Desktop/models/qwen3.5-9b-hauhau-aggressive-mxfp4	480	5690613760	34819531	15	1787475652	1787475652	directory	TheCluster/Qwen3.5-9B-Uncensored-HauhauCS-Aggressive-MLX-mxfp4	PROTECTED	现行生产文本模型目录。LaunchAgent 与 Library/Application Support/kiln/start-mlx.sh、config.py model_path、docker-compose 默认均指向此处。config：Qwen3_5，mxfp4 group 32，text hidden 4096，32 层。.cache 只是 revision 元数据（a9e5f6d9），不是第二份权重。
/Users/rainhuang/Desktop/models/qwen3.5-9b-hauhau-aggressive-mxfp4/config.json	3329	4096	34819753	1	1787475104	1787475131	config	TheCluster/Qwen3.5-9B-Uncensored-HauhauCS-Aggressive-MLX-mxfp4	ACTIVE	现行模型加载所需。mlx_lm.server 的 --model 指向该目录。
/Users/rainhuang/Desktop/models/qwen3.5-9b-hauhau-aggressive-mxfp4/model-00001-of-00002.safetensors	5130070299	5130072064	34819746	1	1787475652	1787475778	weight	TheCluster/Qwen3.5-9B-Uncensored-HauhauCS-Aggressive-MLX-mxfp4	PROTECTED	生产 mxfp4 分片。nlink=1。
/Users/rainhuang/Desktop/models/qwen3.5-9b-hauhau-aggressive-mxfp4/model-00002-of-00002.safetensors	540344562	540348416	34819737	1	1787475217	1787475778	weight	TheCluster/Qwen3.5-9B-Uncensored-HauhauCS-Aggressive-MLX-mxfp4	PROTECTED	生产 mxfp4 分片。nlink=1。
/Users/rainhuang/Desktop/models/qwen3.5-9b-hauhau-aggressive-mxfp4/model.safetensors.index.json	97977	98304	34819747	1	1787475104	1787475131	index	TheCluster/Qwen3.5-9B-Uncensored-HauhauCS-Aggressive-MLX-mxfp4	ACTIVE	现行模型加载所需。mlx_lm.server 的 --model 指向该目录。
/Users/rainhuang/Desktop/models/qwen3.5-9b-hauhau-aggressive-mxfp4/tokenizer.json	19989343	19992576	34819764	1	1787475139	1787475141	tokenizer	TheCluster/Qwen3.5-9B-Uncensored-HauhauCS-Aggressive-MLX-mxfp4	ACTIVE	现行模型加载所需。mlx_lm.server 的 --model 指向该目录。
/Users/rainhuang/Desktop/models/qwen3.5-9b-hauhau-aggressive-mxfp4/tokenizer_config.json	1139	4096	34819774	1	1787475105	1787475131	tokenizer	TheCluster/Qwen3.5-9B-Uncensored-HauhauCS-Aggressive-MLX-mxfp4	ACTIVE	现行模型加载所需。mlx_lm.server 的 --model 指向该目录。
/Users/rainhuang/Desktop/models/qwen3.8-27b	480	15153344512	34623913	15	1787396680	1787397196	directory	AEON-7/Qwen3.8-27B-AEON-ULTIMATE-UNCENSORED-BF16 的 4-bit MLX（本地 README；Hub 名 choppedgarlic）	KEEP-REFERENCE	历史质量参照。三片 safetensors 逻辑和 15133043513 字节，约 14.09 GiB，与 BENCHMARK.md 一致。quant affine group 64，text hidden 5120，64 层。不标 OBSOLETE。
/Users/rainhuang/Desktop/models/qwen3.8-27b/config.json	4110	8192	34623917	1	1787395557	1787396775	config	Qwen3.8-27B 4-bit MLX	KEEP-REFERENCE	27B 参照检查点的组成部分。不标 OBSOLETE。
/Users/rainhuang/Desktop/models/qwen3.8-27b/model-00001-of-00003.safetensors	5328325648	5328326656	34623944	1	1787396113	1787397184	weight	Qwen3.8-27B 4-bit MLX	KEEP-REFERENCE	27B 参照检查点的组成部分。不标 OBSOLETE。
/Users/rainhuang/Desktop/models/qwen3.8-27b/model-00002-of-00003.safetensors	5354185130	5354188800	34623914	1	1787396236	1787397184	weight	Qwen3.8-27B 4-bit MLX	KEEP-REFERENCE	27B 参照检查点的组成部分。不标 OBSOLETE。
/Users/rainhuang/Desktop/models/qwen3.8-27b/model-00003-of-00003.safetensors	4450532735	4450533376	34623918	1	1787396680	1787397184	weight	Qwen3.8-27B 4-bit MLX	KEEP-REFERENCE	27B 参照检查点的组成部分。不标 OBSOLETE。
/Users/rainhuang/Desktop/models/qwen3.8-27b/model.safetensors.index.json	189789	192512	34623943	1	1787395558	1787397217	index	Qwen3.8-27B 4-bit MLX	KEEP-REFERENCE	27B 参照检查点的组成部分。不标 OBSOLETE。
/Users/rainhuang/Desktop/models/qwen3.8-27b/tokenizer.json	19989325	19992576	34623919	1	1787395658	1787397196	tokenizer	Qwen3.8-27B 4-bit MLX	KEEP-REFERENCE	27B 参照检查点的组成部分。不标 OBSOLETE。
/Users/rainhuang/Desktop/models/qwen3.8-27b/tokenizer_config.json	1265	4096	34623916	1	1787395558	1787396776	tokenizer	Qwen3.8-27B 4-bit MLX	KEEP-REFERENCE	27B 参照检查点的组成部分。不标 OBSOLETE。
/Users/rainhuang/Desktop/models/video-nsfw-wan-1.3b	192	2838130688	39763894	6	1788437121	1788437121	directory	NSFW-API/NSFW_Wan_1.3b	PROTECTED	config.py video_wan_dit 指向 wan_1.3B_exp_e14.safetensors。视频 DiT 源。
/Users/rainhuang/Desktop/models/video-nsfw-wan-1.3b-mlx	192	12707131392	39893482	6	1788449399	1788449400	directory	nsfw-wan-1.3b-mlx（由 Wan DiT+aux 转换）	PROTECTED	config.py video_wan_mlx_dir，默认视频后端。t5_encoder.safetensors 与 aux 的 pth 大小不同（差 74913 字节），不是同一 blob。
/Users/rainhuang/Desktop/models/video-nsfw-wan-1.3b-mlx/config.json	1674	4096	39893851	1	1788441708	1788449279	config	图像或视频配置	PROTECTED	所在模型目录为 PROTECTED。
/Users/rainhuang/Desktop/models/video-nsfw-wan-1.3b-mlx/model.safetensors	837683487	837685248	39893847	1	1788441708	1788450421	weight	图像或视频权重	PROTECTED	flux / z-image / wan 家族权重。Kiln 媒体配置或 manifest 引用其所在目录。nlink=1。
/Users/rainhuang/Desktop/models/video-nsfw-wan-1.3b-mlx/t5_encoder.safetensors	11361845505	11361849344	39918566	1	1788449520	1788451014	weight	图像或视频权重	PROTECTED	flux / z-image / wan 家族权重。Kiln 媒体配置或 manifest 引用其所在目录。nlink=1。
/Users/rainhuang/Desktop/models/video-nsfw-wan-1.3b-mlx/vae.safetensors	507591226	507592704	39893852	1	1788441706	1788451014	weight	图像或视频权重	PROTECTED	flux / z-image / wan 家族权重。Kiln 媒体配置或 manifest 引用其所在目录。nlink=1。
/Users/rainhuang/Desktop/models/video-nsfw-wan-1.3b/.cache/huggingface/download/K0O0exN_MI0rxQUa5Gp0oknmFqw=.86daed5f43a68d7be2ca1f0e85d2ac51f3ba7fb735c76fd9574323e18fe40c6c.ca69efec.incomplete	0	0	39765104	1	1788431468	1788749782	incomplete	HF 未完成分片	OBSOLETE	文件名含 .incomplete，是失败/中断下载碎片。同模型目录里已有完整 safetensors 或 pth，Kiln 配置指向完整文件。nlink=1，inode 未与任何 >=100MB 权重共享。已分配块约等于逻辑大小，但仍未用 clone id 证明物理块独占，因此不把这些字节加进可回收合计。
/Users/rainhuang/Desktop/models/video-nsfw-wan-1.3b/wan_1.3B_exp_e14.safetensors	2838077328	2838077440	39819989	1	1788439503	1790254878	weight	图像或视频权重	PROTECTED	flux / z-image / wan 家族权重。Kiln 媒体配置或 manifest 引用其所在目录。nlink=1。
/Users/rainhuang/Desktop/models/video-wan21-t2v-1.3b-aux	352	11891097600	39763895	11	1788449184	1788449184	directory	Wan-AI/Wan2.1-T2V-1.3B	PROTECTED	config.py video_wan_aux_dir。含 models_t5_umt5-xxl-enc-bf16.pth 与 Wan2.1_VAE.pth。转换代码读取这两份源。
/Users/rainhuang/Desktop/models/video-wan21-t2v-1.3b-aux/.cache/huggingface/download/4SfAgk9U607e8pVunEB9nSiU10k=.96b6b242ca1c2f24e9d02cd6596066fab6d310e2d7538f33ae267cb18d957e8f.0e3d6eb6.incomplete	0	0	39765202	1	1788431469	1788749783	incomplete	HF 未完成分片	OBSOLETE	文件名含 .incomplete，是失败/中断下载碎片。同模型目录里已有完整 safetensors 或 pth，Kiln 配置指向完整文件。nlink=1，inode 未与任何 >=100MB 权重共享。已分配块约等于逻辑大小，但仍未用 clone id 证明物理块独占，因此不把这些字节加进可回收合计。
/Users/rainhuang/Desktop/models/video-wan21-t2v-1.3b-aux/.cache/huggingface/download/7xjTyx9p9-CteGiI3VEINu_Ohx0=.7cace0da2b446bbbbc57d031ab6cf163a3d59b366da94e5afe36745b746fd81d.c4396872.incomplete	0	0	39765299	1	1788431472	1788749783	incomplete	HF 未完成分片	OBSOLETE	文件名含 .incomplete，是失败/中断下载碎片。同模型目录里已有完整 safetensors 或 pth，Kiln 配置指向完整文件。nlink=1，inode 未与任何 >=100MB 权重共享。已分配块约等于逻辑大小，但仍未用 clone id 证明物理块独占，因此不把这些字节加进可回收合计。
/Users/rainhuang/Desktop/models/video-wan21-t2v-1.3b-aux/.cache/huggingface/download/OZTShqo6Di7rh0SEswnfwSjKa9w=.38071ab59bd94681c686fa51d75a1968f64e470262043be31f7a094e442fd981.03a65339.incomplete	0	0	39765201	1	1788431469	1788749783	incomplete	HF 未完成分片	OBSOLETE	文件名含 .incomplete，是失败/中断下载碎片。同模型目录里已有完整 safetensors 或 pth，Kiln 配置指向完整文件。nlink=1，inode 未与任何 >=100MB 权重共享。已分配块约等于逻辑大小，但仍未用 clone id 证明物理块独占，因此不把这些字节加进可回收合计。
/Users/rainhuang/Desktop/models/video-wan21-t2v-1.3b-aux/Wan2.1_VAE.pth	507609880	507613184	39878787	1	1788440919	1790254862	weight	图像或视频权重	PROTECTED	flux / z-image / wan 家族权重。Kiln 媒体配置或 manifest 引用其所在目录。nlink=1。
/Users/rainhuang/Desktop/models/video-wan21-t2v-1.3b-aux/config.json	249	4096	39766383	1	1788431471	1790254878	config	图像或视频配置	PROTECTED	所在模型目录为 PROTECTED。
/Users/rainhuang/Desktop/models/video-wan21-t2v-1.3b-aux/models_t5_umt5-xxl-enc-bf16.pth	11361920418	11361923072	39879047	1	1788449184	1788449184	weight	图像或视频权重	PROTECTED	flux / z-image / wan 家族权重。Kiln 媒体配置或 manifest 引用其所在目录。nlink=1。
/Users/rainhuang/Desktop/models/video-wan21-t2v-1.3b-nsfw-src	160	3345694720	39893481	5	1788441695	1788441695	directory	wan 转换暂存（aux 副本 + DiT 改名）	UNKNOWN	media_runtime._convert_wan 在转换前 rmtree 再 copytree/copy2。不是 Kiln 文本模型旧副本，也不是失败下载，故不标 OBSOLETE。与源文件逐字节相同但 nlink=1。APFS clone 看不出，du 按满尺寸计两边，不要把本目录逻辑体积加进可回收合计。
/Users/rainhuang/Desktop/models/video-wan21-t2v-1.3b-nsfw-src/Wan2.1_VAE.pth	507609880	507613184	39893484	1	1788441695	1790254862	weight	wan 转换暂存 VAE	UNKNOWN	与 video-wan21-t2v-1.3b-aux/Wan2.1_VAE.pth 逐字节相同（cmp 退出码 0），大小都是 507609880，inode 不同，nlink=1。不标 OBSOLETE。未证实 APFS clone，不计入可回收。
/Users/rainhuang/Desktop/models/video-wan21-t2v-1.3b-nsfw-src/config.json	249	4096	39893483	1	1788441694	1790254878	config	wan 转换暂存	UNKNOWN	与 aux/config.json 逐字节相同（cmp 退出码 0）。model_type=t2v。
/Users/rainhuang/Desktop/models/video-wan21-t2v-1.3b-nsfw-src/diffusion_pytorch_model.safetensors	2838077328	2838077440	39893485	1	1788441700	1790254878	weight	wan 转换暂存 DiT	UNKNOWN	与 video-nsfw-wan-1.3b/wan_1.3B_exp_e14.safetensors 逐字节相同（cmp 退出码 0），大小都是 2838077328，inode 不同，nlink=1。源文件是 PROTECTED。本副本不标 OBSOLETE。未证实 APFS clone，不计入可回收。
/Users/rainhuang/Documents	3296	564543488	44130	103	1790220612	1790220612	scope-summary		UNKNOWN	du -d 1 后目录名没有 models/hf/mlx/qwen。未打开任何个人文档内容。Mobile Documents 路径不存在。
/Users/rainhuang/Library/Application Support/kiln	448	57344	34914534	14	1789447268	1789448698	runtime-config	kiln LaunchAgent 脚本	UNKNOWN	约 56KiB。start-mlx.sh 指向生产 9B。无权重。清单不摘录 api.env 或隧道私钥。
